"Date/Time","Year","Month","Day","Data Quality","Max Temp (°C)","Max Temp Flag","Min Temp (°C)","Min Temp Flag","Mean Temp (°C)","Mean Temp Flag","Heat Deg Days (°C)","Heat Deg Days Flag","Cool Deg Days (°C)","Cool Deg Days Flag","Total Rain (mm)","Total Rain Flag","Total Snow (cm)","Total Snow Flag","Total Precip (mm)","Total Precip Flag","Snow on Grnd (cm)","Snow on Grnd Flag","Dir of Max Gust (10s deg)","Dir of Max Gust Flag","Spd of Max Gust (km/h)","Spd of Max Gust Flag"
"1982-01-01","1982","01","01","","3.0","","-7.8","","-2.4","","20.4","","0.0","","2.4","","0.0","T","2.4","","6","","27","","56","E"
"1982-01-02","1982","01","02","","-2.0","","-15.5","","-8.8","","26.8","","0.0","","0.0","","0.0","T","0.0","T","6","","11","","56","E"
"1982-01-03","1982","01","03","","4.1","","-4.0","","0.1","","17.9","","0.0","","0.2","","0.0","","0.2","","4","","12","","50","E"
"1982-01-04","1982","01","04","","7.5","","-4.4","","1.6","","16.4","","0.0","","10.4","","0.0","T","10.4","","3","","23","","89","E"
"1982-01-05","1982","01","05","","-0.4","","-6.8","","-3.6","","21.6","","0.0","","0.0","","0.0","T","0.0","T","0","T","28","","81","E"
"1982-01-06","1982","01","06","","2.8","","-2.5","","0.2","","17.8","","0.0","","0.0","","0.0","T","0.0","T","0","T","27","","33","E"
"1982-01-07","1982","01","07","","-2.0","","-10.4","","-6.2","","24.2","","0.0","","0.0","","0.0","","0.0","","0","T","30","","46","E"
"1982-01-08","1982","01","08","","-7.5","","-12.1","","-9.8","","27.8","","0.0","","0.0","","1.0","","0.4","","0","T","27","","50","E"
"1982-01-09","1982","01","09","","-9.3","","-23.0","","-16.2","","34.2","","0.0","","0.0","","0.0","T","0.0","T","1","","30","","48","E"
"1982-01-10","1982","01","10","","-15.4","","-26.3","","-20.9","","38.9","","0.0","","0.0","","0.0","T","0.0","T","1","","24","","85","E"
"1982-01-11","1982","01","11","","-10.6","","-25.5","","-18.1","","36.1","","0.0","","0.0","","1.0","","1.0","","1","","24","","80","E"
"1982-01-12","1982","01","12","","-9.7","","-26.4","","-18.1","","36.1","","0.0","","0.0","","0.0","T","0.0","T","2","","","","<31",""
"1982-01-13","1982","01","13","","-6.5","","-12.4","","-9.5","","27.5","","0.0","","0.0","","12.4","","5.7","","5","","6","","31","E"
"1982-01-14","1982","01","14","","-11.3","","-16.4","","-13.9","","31.9","","0.0","","0.0","","1.0","","0.6","","15","","","","<31",""
"1982-01-15","1982","01","15","","-6.6","","-17.2","","-11.9","","29.9","","0.0","","0.0","","0.0","T","0.0","T","15","","","","<31",""
"1982-01-16","1982","01","16","","-5.4","","-21.5","","-13.5","","31.5","","0.0","","0.0","","2.6","","2.4","","17","","26","","70","E"
"1982-01-17","1982","01","17","","-19.2","","-23.5","","-21.4","","39.4","","0.0","","0.0","","0.0","","0.0","","18","","26","","65","E"
"1982-01-18","1982","01","18","","-12.6","","-19.4","","-16.0","","34.0","","0.0","","0.0","","0.0","T","0.0","T","14","","","","<31",""
"1982-01-19","1982","01","19","","-5.0","","-19.5","","-12.3","","30.3","","0.0","","0.0","","1.2","","0.6","","14","","12","","41","E"
"1982-01-20","1982","01","20","","-3.7","","-12.0","","-7.9","","25.9","","0.0","","0.0","","0.0","","0.0","","10","","32","","39","E"
"1982-01-21","1982","01","21","","-11.5","","-20.1","","-15.8","","33.8","","0.0","","0.0","","2.0","","0.9","","6","","6","","31","E"
"1982-01-22","1982","01","22","","-7.2","","-23.0","","-15.1","","33.1","","0.0","","0.0","","1.4","","0.2","","4","","9","","63","E"
"1982-01-23","1982","01","23","","4.7","","-11.5","","-3.4","","21.4","","0.0","","7.4","","1.6","","9.0","","7","","24","","78","E"
"1982-01-24","1982","01","24","","-10.2","","-14.0","","-12.1","","30.1","","0.0","","0.0","","0.0","T","0.0","T","5","","27","","61","E"
"1982-01-25","1982","01","25","","-9.5","","-17.3","","-13.4","","31.4","","0.0","","0.0","","0.0","T","0.0","T","6","","29","","31","E"
"1982-01-26","1982","01","26","","-8.7","","-20.6","","-14.7","","32.7","","0.0","","0.0","","0.0","","0.0","","6","","","","<31",""
"1982-01-27","1982","01","27","","-3.7","","-16.9","","-10.3","","28.3","","0.0","","0.0","","0.0","T","0.0","T","6","","19","","39","E"
"1982-01-28","1982","01","28","","2.4","","-7.2","","-2.4","","20.4","","0.0","","0.0","T","0.0","T","0.0","T","6","","27","","70","E"
"1982-01-29","1982","01","29","","-2.8","","-11.2","","-7.0","","25.0","","0.0","","0.0","","0.0","","0.0","","5","","26","","43","E"
"1982-01-30","1982","01","30","","1.0","","-4.7","","-1.9","","19.9","","0.0","","0.0","","5.8","","6.5","","7","","33","","39","E"
"1982-01-31","1982","01","31","","-3.6","","-12.6","","-8.1","","26.1","","0.0","","0.0","","14.0","","14.0","","10","","8","","50",""
"1982-02-01","1982","02","01","","-4.1","","-15.4","","-9.8","","27.8","","0.0","","0.0","T","1.4","","1.6","","25","","30","","56",""
"1982-02-02","1982","02","02","","-1.9","","-20.1","","-11.0","","29.0","","0.0","","0.0","","0.0","T","0.0","T","25","","","","<31",""
"1982-02-03","1982","02","03","","-2.2","","-8.0","","-5.1","","23.1","","0.0","","0.0","","12.4","","9.6","","24","","34","","52",""
"1982-02-04","1982","02","04","","-7.2","","-21.9","","-14.6","","32.6","","0.0","","0.0","","0.0","","0.0","","37","","34","","44",""
"1982-02-05","1982","02","05","","-8.0","","-20.7","","-14.4","","32.4","","0.0","","0.0","","6.0","","5.4","","37","","35","","31",""
"1982-02-06","1982","02","06","","-9.5","","-18.0","","-13.8","","31.8","","0.0","","0.0","","0.0","T","0.0","T","43","","28","","44",""
"1982-02-07","1982","02","07","","-7.4","","-18.6","","-13.0","","31.0","","0.0","","0.0","","0.0","","0.0","","43","","24","","54",""
"1982-02-08","1982","02","08","","-4.8","","-11.8","","-8.3","","26.3","","0.0","","0.0","","0.0","","0.0","","41","","25","","37",""
"1982-02-09","1982","02","09","","-4.2","","-13.6","","-8.9","","26.9","","0.0","","0.0","","2.6","","1.9","","42","","30","","33",""
"1982-02-10","1982","02","10","","-12.7","","-19.6","","-16.2","","34.2","","0.0","","0.0","","0.0","","0.0","","40","","25","","37",""
"1982-02-11","1982","02","11","","-8.8","","-22.1","","-15.5","","33.5","","0.0","","0.0","","0.0","T","0.0","T","39","","21","","35",""
"1982-02-12","1982","02","12","","-4.0","","-16.7","","-10.4","","28.4","","0.0","","0.0","","0.0","","0.0","","38","","","","<31",""
"1982-02-13","1982","02","13","","-4.6","","-11.5","","-8.1","","26.1","","0.0","","0.0","","0.0","T","0.0","T","29","","27","","31",""
"1982-02-14","1982","02","14","","-1.6","","-11.7","","-6.7","","24.7","","0.0","","0.0","","0.0","T","0.0","T","28","","","","<31",""
"1982-02-15","1982","02","15","","6.1","","-2.5","","1.8","","16.2","","0.0","","0.0","","0.0","","0.0","","26","","23","","33",""
"1982-02-16","1982","02","16","","2.7","","-4.4","","-0.9","","18.9","","0.0","","0.0","","0.0","","0.0","","22","","8","","39",""
"1982-02-17","1982","02","17","","-2.6","","-9.5","","-6.1","","24.1","","0.0","","0.0","","0.0","","0.0","","22","","9","","48",""
"1982-02-18","1982","02","18","","1.2","","-6.5","","-2.7","","20.7","","0.0","","0.4","","1.0","","2.6","","22","","11","","43",""
"1982-02-19","1982","02","19","","1.2","","-1.1","","0.1","","17.9","","0.0","","0.0","T","1.8","","2.8","","20","","28","","31",""
"1982-02-20","1982","02","20","","1.6","","-0.9","","0.4","","17.6","","0.0","","0.6","","1.0","","1.4","","18","","10","","35","E"
"1982-02-21","1982","02","21","","1.9","","-1.3","","0.3","","17.7","","0.0","","0.8","","1.0","","3.0","","17","","","","<31",""
"1982-02-22","1982","02","22","","0.6","","-1.4","","-0.4","","18.4","","0.0","","0.0","T","0.0","T","0.0","T","16","","","","<31",""
"1982-02-23","1982","02","23","","2.1","","-7.0","","-2.5","","20.5","","0.0","","0.0","","0.0","","0.0","","16","","34","","54",""
"1982-02-24","1982","02","24","","-6.9","","-11.6","","-9.3","","27.3","","0.0","","0.0","","0.0","T","0.0","T","16","","35","","41",""
"1982-02-25","1982","02","25","","-8.1","","-17.9","","-13.0","","31.0","","0.0","","0.0","","0.0","","0.0","","16","","32","","39","E"
"1982-02-26","1982","02","26","","-3.5","","-14.6","","-9.1","","27.1","","0.0","","0.0","","0.0","","0.0","","16","","26","","41",""
"1982-02-27","1982","02","27","","0.1","","-10.6","","-5.3","","23.3","","0.0","","0.0","","0.0","","0.0","","15","","","","<31",""
"1982-02-28","1982","02","28","","-3.6","","-14.7","","-9.2","","27.2","","0.0","","0.0","","0.0","","0.0","","13","","13","","33",""
"1982-03-01","1982","03","01","","1.9","","-7.5","","-2.8","","20.8","","0.0","","0.0","","0.2","","0.2","","13","","28","","61",""
"1982-03-02","1982","03","02","","-5.4","","-14.1","","-9.8","","27.8","","0.0","","0.0","","0.4","","0.4","","13","","33","","44",""
"1982-03-03","1982","03","03","","-10.1","","-18.1","","-14.1","","32.1","","0.0","","0.0","","0.0","","0.0","","13","","36","","37",""
"1982-03-04","1982","03","04","","0.0","","-17.6","","-8.8","","26.8","","0.0","","3.4","","8.4","","12.6","","13","","9","","44",""
"1982-03-05","1982","03","05","","-2.6","","-9.6","","-6.1","","24.1","","0.0","","0.0","","0.5","","0.5","","22","","30","","44",""
"1982-03-06","1982","03","06","","-0.8","","-15.1","","-8.0","","26.0","","0.0","","0.0","","0.3","","0.3","","20","","","","<31",""
"1982-03-07","1982","03","07","","-1.9","","-12.2","","-7.1","","25.1","","0.0","","0.0","","0.7","","0.5","","19","","34","","43",""
"1982-03-08","1982","03","08","","-6.8","","-18.2","","-12.5","","30.5","","0.0","","0.0","","0.0","T","0.0","T","18","","29","","44",""
"1982-03-09","1982","03","09","","-2.9","","-13.8","","-8.4","","26.4","","0.0","","0.0","","6.3","","6.1","","22","","13","","41",""
"1982-03-10","1982","03","10","","2.5","","-15.6","","-6.6","","24.6","","0.0","","1.4","","0.2","","1.6","","24","","","","<31",""
"1982-03-11","1982","03","11","","6.7","","0.9","","3.8","","14.2","","0.0","","0.9","","0.0","","0.9","","22","","22","","37",""
"1982-03-12","1982","03","12","","4.4","","0.0","","2.2","","15.8","","0.0","","0.2","","0.0","","0.2","","18","","","","<31",""
"1982-03-13","1982","03","13","","6.7","","1.0","","3.9","","14.1","","0.0","","8.2","","0.0","T","8.2","","13","","26","","85",""
"1982-03-14","1982","03","14","","3.0","","-2.0","","0.5","","17.5","","0.0","","0.0","","0.0","","0.0","","4","","27","","76",""
"1982-03-15","1982","03","15","","2.4","","-4.5","","-1.1","","19.1","","0.0","","0.0","","0.0","","0.0","","3","","10","","33",""
"1982-03-16","1982","03","16","","1.1","","-1.3","","-0.1","","18.1","","0.0","","9.2","","0.0","","9.2","","3","","9","","61",""
"1982-03-17","1982","03","17","","2.8","","-0.7","","1.1","","16.9","","0.0","","2.4","","0.4","","2.8","","1","","","","<31",""
"1982-03-18","1982","03","18","","2.6","","-0.7","","1.0","","17.0","","0.0","","0.0","","0.0","","0.0","","0","T","","","<31",""
"1982-03-19","1982","03","19","","4.4","","-1.6","","1.4","","16.6","","0.0","","0.0","","0.0","","0.0","","0","T","","","<31",""
"1982-03-20","1982","03","20","","4.2","","-1.6","","1.3","","16.7","","0.0","","0.0","","0.0","","0.0","","0","T","10","","35",""
"1982-03-21","1982","03","21","","2.8","","0.0","","1.4","","16.6","","0.0","","1.1","","0.0","T","1.1","","0","T","27","","46",""
"1982-03-22","1982","03","22","","5.0","","-1.0","","2.0","","16.0","","0.0","","0.0","","0.0","","0.0","","0","T","27","","46",""
"1982-03-23","1982","03","23","","6.3","","-3.5","","1.4","","16.6","","0.0","","0.0","","0.0","","0.0","","0","T","","","<31",""
"1982-03-24","1982","03","24","","8.3","","-2.1","","3.1","","14.9","","0.0","","0.0","","0.0","","0.0","","0","T","","","<31",""
"1982-03-25","1982","03","25","","5.1","","-2.0","","1.6","","16.4","","0.0","","1.7","","6.4","","6.4","","0","T","33","","41",""
"1982-03-26","1982","03","26","","1.0","","-8.2","","-3.6","","21.6","","0.0","","0.0","","0.8","","0.6","","6","","30","","54",""
"1982-03-27","1982","03","27","","-6.5","","-11.4","","-9.0","","27.0","","0.0","","0.0","","0.0","","0.0","","4","","33","","67",""
"1982-03-28","1982","03","28","","0.9","","-11.0","","-5.1","","23.1","","0.0","","0.0","","0.0","","0.0","","3","","28","","33",""
"1982-03-29","1982","03","29","","7.1","","-3.8","","1.7","","16.3","","0.0","","0.0","","0.0","","0.0","","0","T","","","<31",""
"1982-03-30","1982","03","30","","11.6","","-2.4","","4.6","","13.4","","0.0","","10.0","","0.0","","10.0","","0","T","30","","48",""
"1982-03-31","1982","03","31","","16.8","","3.0","","9.9","","8.1","","0.0","","3.2","","0.0","","3.2","","0","T","25","","87",""
"1982-04-01","1982","04","01","","5.3","","-3.2","","1.1","","16.9","","0.0","","0.0","","0.0","T","0.0","T","0","T","29","","69",""
"1982-04-02","1982","04","02","","3.6","","-4.9","","-0.7","","18.7","","0.0","","0.0","","0.0","","0.0","","0","T","10","","35",""
"1982-04-03","1982","04","03","","13.8","","-2.7","","5.6","","12.4","","0.0","","14.8","","0.0","T","14.8","","0","T","23","","85",""
"1982-04-04","1982","04","04","","-1.8","","-7.9","","-4.9","","22.9","","0.0","","0.0","","0.2","","0.0","T","0","T","29","","96",""
"1982-04-05","1982","04","05","","-1.5","","-9.4","","-5.5","","23.5","","0.0","","0.0","","0.0","","0.0","","0","T","4","","41",""
"1982-04-06","1982","04","06","","-4.0","","-9.9","","-7.0","","25.0","","0.0","","0.0","","1.9","","1.2","","2","","6","","57",""
"1982-04-07","1982","04","07","","-1.6","","-11.2","","-6.4","","24.4","","0.0","","0.0","","0.0","","0.0","","0","T","33","","56",""
"1982-04-08","1982","04","08","","3.6","","-6.4","","-1.4","","19.4","","0.0","","0.0","","0.0","","0.0","","0","T","29","","39",""
"1982-04-09","1982","04","09","","6.8","","-4.8","","1.0","","17.0","","0.0","","0.0","","0.0","","0.0","","0","T","1","","35",""
"1982-04-10","1982","04","10","","6.8","","-0.4","","3.2","","14.8","","0.0","","0.0","","0.0","T","0.0","T","0","T","23","","43",""
"1982-04-11","1982","04","11","","5.6","","-1.0","","2.3","","15.7","","0.0","","0.0","T","2.5","","2.5","","2","","27","","46",""
"1982-04-12","1982","04","12","","8.6","","-2.1","","3.3","","14.7","","0.0","","1.0","","0.0","T","1.0","","0","","11","","37",""
"1982-04-13","1982","04","13","","10.2","","0.8","","5.5","","12.5","","0.0","","3.2","","0.0","","3.2","","0","","28","","69",""
"1982-04-14","1982","04","14","","10.0","","-1.0","","4.5","","13.5","","0.0","","0.0","","0.0","","0.0","","0","","35","","35",""
"1982-04-15","1982","04","15","","12.6","","-1.0","","5.8","","12.2","","0.0","","0.0","","0.0","","0.0","","0","","9","","31",""
"1982-04-16","1982","04","16","","19.2","","-1.3","","9.0","","9.0","","0.0","","7.0","","0.0","","7.0","","0","","26","","35",""
"1982-04-17","1982","04","17","","19.2","","3.0","","11.1","","6.9","","0.0","","1.4","","0.0","","1.4","","0","","28","","78",""
"1982-04-18","1982","04","18","","7.6","","0.1","","3.9","","14.1","","0.0","","0.0","","0.0","T","0.0","T","0","","29","","63",""
"1982-04-19","1982","04","19","","18.6","","0.5","","9.6","","8.4","","0.0","","0.8","","0.0","","0.8","","0","","23","","46",""
"1982-04-20","1982","04","20","","13.4","","3.0","","8.2","","9.8","","0.0","","11.2","","0.0","","11.2","","0","","23","","44",""
"1982-04-21","1982","04","21","","6.3","","-1.0","","2.7","","15.3","","0.0","","0.0","","0.0","T","0.0","T","0","","30","","61",""
"1982-04-22","1982","04","22","","10.4","","-2.4","","4.0","","14.0","","0.0","","0.0","","0.0","","0.0","","0","","33","","48",""
"1982-04-23","1982","04","23","","16.8","","1.2","","9.0","","9.0","","0.0","","0.0","","0.0","","0.0","","0","","27","","63",""
"1982-04-24","1982","04","24","","22.5","","6.8","","14.7","","3.3","","0.0","","0.0","","0.0","","0.0","","0","","25","","44",""
"1982-04-25","1982","04","25","","22.2","","7.1","","14.7","","3.3","","0.0","","0.0","T","0.0","","0.0","T","0","","25","","44",""
"1982-04-26","1982","04","26","","17.6","","8.9","","13.3","","4.7","","0.0","","0.0","T","0.0","","0.0","T","0","","24","","37",""
"1982-04-27","1982","04","27","","10.0","","-0.2","","4.9","","13.1","","0.0","","0.0","T","0.0","","0.0","T","0","","34","","52",""
"1982-04-28","1982","04","28","","14.1","","-1.3","","6.4","","11.6","","0.0","","0.0","","0.0","","0.0","","0","","4","","33",""
"1982-04-29","1982","04","29","","19.7","","-0.5","","9.6","","8.4","","0.0","","0.0","","0.0","","0.0","","0","","","","<31",""
"1982-04-30","1982","04","30","","22.0","","2.5","","12.3","","5.7","","0.0","","0.0","","0.0","","0.0","","0","","12","","39",""
"1982-05-01","1982","05","01","","18.4","","5.5","","12.0","","6.0","","0.0","","0.0","T","0.0","","0.0","T","0","","32","","33",""
"1982-05-02","1982","05","02","","20.3","","4.9","","12.6","","5.4","","0.0","","0.0","T","0.0","","0.0","T","0","","30","","52",""
"1982-05-03","1982","05","03","","20.7","","2.4","","11.6","","6.4","","0.0","","0.0","","0.0","","0.0","","0","","33","","43",""
"1982-05-04","1982","05","04","","19.4","","2.6","","11.0","","7.0","","0.0","","0.0","","0.0","","0.0","","0","","","","<31",""
"1982-05-05","1982","05","05","","20.9","","3.3","","12.1","","5.9","","0.0","","0.2","","0.0","","0.2","","0","","","","<31",""
"1982-05-06","1982","05","06","","24.1","","9.0","","16.6","","1.4","","0.0","","0.6","","0.0","","0.6","","0","","","","<31",""
"1982-05-07","1982","05","07","","26.0","","11.9","","19.0","","0.0","","1.0","","1.8","","0.0","","1.8","","0","","21","","52",""
"1982-05-08","1982","05","08","","14.8","","5.4","","10.1","","7.9","","0.0","","10.6","","0.0","","10.6","","0","","34","","33",""
"1982-05-09","1982","05","09","","18.7","","2.8","","10.8","","7.2","","0.0","","0.0","","0.0","","0.0","","0","","35","","48",""
"1982-05-10","1982","05","10","","19.3","","4.0","","11.7","","6.3","","0.0","","0.0","","0.0","","0.0","","0","","","","<31",""
"1982-05-11","1982","05","11","","18.8","","6.4","","12.6","","5.4","","0.0","","0.0","","0.0","","0.0","","0","","","","<31",""
"1982-05-12","1982","05","12","","21.4","","8.3","","14.9","","3.1","","0.0","","0.8","","0.0","","0.8","","0","","","","<31",""
"1982-05-13","1982","05","13","","20.1","","10.7","","15.4","","2.6","","0.0","","0.0","","0.0","","0.0","","0","","","","<31",""
"1982-05-14","1982","05","14","","17.8","","10.0","","13.9","","4.1","","0.0","","0.0","","0.0","","0.0","","0","","","","<31",""
"1982-05-15","1982","05","15","","19.9","","7.5","","13.7","","4.3","","0.0","","0.0","","0.0","","0.0","","0","","","","<31",""
"1982-05-16","1982","05","16","","26.4","","8.8","","17.6","","0.4","","0.0","","0.0","T","0.0","","0.0","T","0","","34","","39",""
"1982-05-17","1982","05","17","","20.3","","10.8","","15.6","","2.4","","0.0","","0.0","","0.0","","0.0","","0","","","","<31",""
"1982-05-18","1982","05","18","","21.4","","9.7","","15.6","","2.4","","0.0","","0.0","","0.0","","0.0","","0","","","","<31",""
"1982-05-19","1982","05","19","","24.5","","10.9","","17.7","","0.3","","0.0","","3.0","","0.0","","3.0","","0","","30","","56",""
"1982-05-20","1982","05","20","","22.1","","11.2","","16.7","","1.3","","0.0","","4.8","","0.0","","4.8","","0","","33","","37",""
"1982-05-21","1982","05","21","","17.2","","8.2","","12.7","","5.3","","0.0","","0.0","","0.0","","0.0","","0","","14","","33",""
"1982-05-22","1982","05","22","","13.4","","7.1","","10.3","","7.7","","0.0","","2.2","","0.0","","2.2","","0","","9","","48",""
"1982-05-23","1982","05","23","","12.7","","8.8","","10.8","","7.2","","0.0","","3.6","","0.0","","3.6","","0","","8","","39",""
"1982-05-24","1982","05","24","","17.5","","8.8","","13.2","","4.8","","0.0","","0.0","T","0.0","","0.0","T","0","","","","<31",""
"1982-05-25","1982","05","25","","17.4","","9.3","","13.4","","4.6","","0.0","","0.0","T","0.0","","0.0","T","0","","","","<31",""
"1982-05-26","1982","05","26","","20.6","","8.0","","14.3","","3.7","","0.0","","0.0","","0.0","","0.0","","0","","","","<31",""
"1982-05-27","1982","05","27","","22.9","","11.5","","17.2","","0.8","","0.0","","2.6","","0.0","","2.6","","0","","","","<31",""
"1982-05-28","1982","05","28","","19.5","","13.6","","16.6","","1.4","","0.0","","13.0","","0.0","","13.0","","0","","","","<31",""
"1982-05-29","1982","05","29","","21.4","","12.2","","16.8","","1.2","","0.0","","0.0","T","0.0","","0.0","T","0","","","","<31",""
"1982-05-30","1982","05","30","","18.7","","11.9","","15.3","","2.7","","0.0","","1.5","","0.0","","1.5","","0","","","","<31",""
"1982-05-31","1982","05","31","","25.4","","16.2","","20.8","","0.0","","2.8","","0.4","","0.0","","0.4","","0","","","","<31",""
"1982-06-01","1982","06","01","","18.8","","8.5","","13.7","","4.3","","0.0","","6.0","","0.0","","6.0","","0","","31","","39",""
"1982-06-02","1982","06","02","","21.2","","5.7","","13.5","","4.5","","0.0","","0.0","","0.0","","0.0","","0","","28","","39",""
"1982-06-03","1982","06","03","","13.8","","4.0","","8.9","","9.1","","0.0","","0.0","","0.0","","0.0","","0","","","","<31",""
"1982-06-04","1982","06","04","","17.7","","9.5","","13.6","","4.4","","0.0","","0.0","T","0.0","","0.0","T","0","","","","<31",""
"1982-06-05","1982","06","05","","15.5","","14.0","","14.8","","3.2","","0.0","","23.4","","0.0","","23.4","","0","","3","","41",""
"1982-06-06","1982","06","06","","15.6","","12.0","","13.8","","4.2","","0.0","","7.5","","0.0","","7.5","","0","","3","","33",""
"1982-06-07","1982","06","07","","19.2","","12.4","","15.8","","2.2","","0.0","","1.8","","0.0","","1.8","","0","","","","<31",""
"1982-06-08","1982","06","08","","20.9","","11.4","","16.2","","1.8","","0.0","","0.0","","0.0","","0.0","","0","","","","<31",""
"1982-06-09","1982","06","09","","24.6","","9.7","","17.2","","0.8","","0.0","","0.0","","0.0","","0.0","","0","","","","<31",""
"1982-06-10","1982","06","10","","21.7","","12.0","","16.9","","1.1","","0.0","","0.0","T","0.0","","0.0","T","0","","","","<31",""
"1982-06-11","1982","06","11","","20.8","","8.0","","14.4","","3.6","","0.0","","0.0","","0.0","","0.0","","0","","","","<31",""
"1982-06-12","1982","06","12","","20.2","","11.0","","15.6","","2.4","","0.0","","0.0","","0.0","","0.0","","0","","","","<31",""
"1982-06-13","1982","06","13","","20.2","","9.1","","14.7","","3.3","","0.0","","1.8","","0.0","","1.8","","0","","","","<31",""
"1982-06-14","1982","06","14","","23.4","","7.9","","15.7","","2.3","","0.0","","0.0","","0.0","","0.0","","0","","30","","37",""
"1982-06-15","1982","06","15","","20.0","","12.0","","16.0","","2.0","","0.0","","10.7","","0.0","","10.7","","0","","11","","39",""
"1982-06-16","1982","06","16","","18.8","","10.7","","14.8","","3.2","","0.0","","0.0","","0.0","","0.0","","0","","36","","37",""
"1982-06-17","1982","06","17","","21.6","","8.6","","15.1","","2.9","","0.0","","0.0","","0.0","","0.0","","0","","25","","35",""
"1982-06-18","1982","06","18","","22.2","","14.3","","18.3","","0.0","","0.3","","3.8","","0.0","","3.8","","0","","","","<31",""
"1982-06-19","1982","06","19","","19.9","","8.4","","14.2","","3.8","","0.0","","6.2","","0.0","","6.2","","0","","31","","50",""
"1982-06-20","1982","06","20","","19.0","","7.5","","13.3","","4.7","","0.0","","2.3","","0.0","","2.3","","0","","23","","43",""
"1982-06-21","1982","06","21","","19.4","","10.2","","14.8","","3.2","","0.0","","9.4","","0.0","","9.4","","0","","32","","31",""
"1982-06-22","1982","06","22","","18.0","","8.2","","13.1","","4.9","","0.0","","7.6","","0.0","","7.6","","0","","","","<31",""
"1982-06-23","1982","06","23","","20.3","","8.2","","14.3","","3.7","","0.0","","0.0","","0.0","","0.0","","0","","34","","37",""
"1982-06-24","1982","06","24","","23.3","","7.3","","15.3","","2.7","","0.0","","0.0","","0.0","","0.0","","0","","","","<31",""
"1982-06-25","1982","06","25","","21.5","","14.6","","18.1","","0.0","","0.1","","7.6","","0.0","","7.6","","0","","26","","31",""
"1982-06-26","1982","06","26","","19.0","","11.2","","15.1","","2.9","","0.0","","6.0","","0.0","","6.0","","0","","","","<31",""
"1982-06-27","1982","06","27","","21.3","","8.6","","15.0","","3.0","","0.0","","0.0","","0.0","","0.0","","0","","","","<31",""
"1982-06-28","1982","06","28","","24.7","","12.9","","18.8","","0.0","","0.8","","0.0","T","0.0","","0.0","T","0","","","","<31",""
"1982-06-29","1982","06","29","","25.4","","13.6","","19.5","","0.0","","1.5","","18.4","","0.0","","18.4","","0","","35","","37",""
"1982-06-30","1982","06","30","","21.0","","10.3","","15.7","","2.3","","0.0","","0.0","","0.0","","0.0","","0","","30","","50",""
"1982-07-01","1982","07","01","","22.0","","8.4","","15.2","","2.8","","0.0","","0.0","","0.0","","0.0","","0","","","","<31",""
"1982-07-02","1982","07","02","","24.2","","10.0","","17.1","","0.9","","0.0","","0.0","","0.0","","0.0","","0","","27","","52",""
"1982-07-03","1982","07","03","","21.0","","12.0","","16.5","","1.5","","0.0","","0.0","","0.0","","0.0","","0","","","","<31",""
"1982-07-04","1982","07","04","","22.5","","12.9","","17.7","","0.3","","0.0","","0.0","","0.0","","0.0","","0","","","","<31",""
"1982-07-05","1982","07","05","","25.5","","9.8","","17.7","","0.3","","0.0","","0.0","","0.0","","0.0","","0","","","","<31",""
"1982-07-06","1982","07","06","","30.0","","15.6","","22.8","","0.0","","4.8","","0.0","","0.0","","0.0","","0","","22","","35",""
"1982-07-07","1982","07","07","","31.7","","18.9","","25.3","","0.0","","7.3","","0.0","","0.0","","0.0","","0","","23","","57",""
"1982-07-08","1982","07","08","","27.6","","12.6","","20.1","","0.0","","2.1","","0.0","","0.0","","0.0","","0","","31","","39",""
"1982-07-09","1982","07","09","","29.3","","10.8","","20.1","","0.0","","2.1","","0.0","","0.0","","0.0","","0","","27","","41",""
"1982-07-10","1982","07","10","","29.0","","17.1","","23.1","","0.0","","5.1","","0.0","","0.0","","0.0","","0","","","","<31",""
"1982-07-11","1982","07","11","","29.4","","20.0","","24.7","","0.0","","6.7","","0.0","T","0.0","","0.0","T","0","","22","","54",""
"1982-07-12","1982","07","12","","27.9","","14.5","","21.2","","0.0","","3.2","","0.0","","0.0","","0.0","","0","","26","","54",""
"1982-07-13","1982","07","13","","24.4","","11.5","","18.0","","0.0","","0.0","","0.0","","0.0","","0.0","","0","","","","<31",""
"1982-07-14","1982","07","14","","27.6","","12.1","","19.9","","0.0","","1.9","","0.0","","0.0","","0.0","","0","","","","<31",""
"1982-07-15","1982","07","15","","31.5","","13.5","","22.5","","0.0","","4.5","","0.0","","0.0","","0.0","","0","","21","","37",""
"1982-07-16","1982","07","16","","31.3","","18.3","","24.8","","0.0","","6.8","","0.0","","0.0","","0.0","","0","","","","<31",""
"1982-07-17","1982","07","17","","30.0","","19.6","","24.8","","0.0","","6.8","","4.8","","0.0","","4.8","","0","","25","","54",""
"1982-07-18","1982","07","18","","33.0","","20.3","","26.7","","0.0","","8.7","","8.0","","0.0","","8.0","","0","","22","","43",""
"1982-07-19","1982","07","19","","28.6","","16.7","","22.7","","0.0","","4.7","","0.0","","0.0","","0.0","","0","","36","","31",""
"1982-07-20","1982","07","20","","26.5","","13.3","","19.9","","0.0","","1.9","","0.0","","0.0","","0.0","","0","","","","<31",""
"1982-07-21","1982","07","21","","26.6","","11.8","","19.2","","0.0","","1.2","","0.0","","0.0","","0.0","","0","","","","<31",""
"1982-07-22","1982","07","22","","28.3","","10.3","","19.3","","0.0","","1.3","","0.0","","0.0","","0.0","","0","","36","","31",""
"1982-07-23","1982","07","23","","28.1","","16.4","","22.3","","0.0","","4.3","","0.0","","0.0","","0.0","","0","","","","<31",""
"1982-07-24","1982","07","24","","28.4","","13.3","","20.9","","0.0","","2.9","","0.0","","0.0","","0.0","","0","","","","<31",""
"1982-07-25","1982","07","25","","30.5","","16.8","","23.7","","0.0","","5.7","","0.0","","0.0","","0.0","","0","","26","","44",""
"1982-07-26","1982","07","26","","29.8","","18.1","","24.0","","0.0","","6.0","","0.0","","0.0","","0.0","","0","","33","","33",""
"1982-07-27","1982","07","27","","22.2","","17.2","","19.7","","0.0","","1.7","","3.7","","0.0","","3.7","","0","","","","<31",""
"1982-07-28","1982","07","28","","23.8","","14.9","","19.4","","0.0","","1.4","","13.4","","0.0","","13.4","","0","","34","","52",""
"1982-07-29","1982","07","29","","27.1","","12.9","","20.0","","0.0","","2.0","","0.0","","0.0","","0.0","","0","","","","<31",""
"1982-07-30","1982","07","30","","26.2","","12.9","","19.6","","0.0","","1.6","","1.2","","0.0","","1.2","","0","","","","<31",""
"1982-07-31","1982","07","31","","25.2","","14.8","","20.0","","0.0","","2.0","","0.0","","0.0","","0.0","","0","","29","","35",""
"1982-08-01","1982","08","01","","28.0","","14.0","","21.0","","0.0","","3.0","","0.0","","0.0","","0.0","","0","","","","<31",""
"1982-08-02","1982","08","02","","22.2","","14.1","","18.2","","0.0","","0.2","","4.1","","0.0","","4.1","","0","","","","<31",""
"1982-08-03","1982","08","03","","20.5","","14.5","","17.5","","0.5","","0.0","","9.4","","0.0","","9.4","","0","","","","<31",""
"1982-08-04","1982","08","04","","25.6","","17.1","","21.4","","0.0","","3.4","","9.6","","0.0","","9.6","","0","","33","","33",""
"1982-08-05","1982","08","05","","24.4","","15.3","","19.9","","0.0","","1.9","","0.0","","0.0","","0.0","","0","","36","","35",""
"1982-08-06","1982","08","06","","24.8","","14.0","","19.4","","0.0","","1.4","","0.0","","0.0","","0.0","","0","","","","<31",""
"1982-08-07","1982","08","07","","27.8","","14.5","","21.2","","0.0","","3.2","","0.0","","0.0","","0.0","","0","","","","<31",""
"1982-08-08","1982","08","08","","21.5","","17.0","","19.3","","0.0","","1.3","","13.8","","0.0","","13.8","","0","","","","<31",""
"1982-08-09","1982","08","09","","27.1","","14.0","","20.6","","0.0","","2.6","","0.2","","0.0","","0.2","","0","","27","","41",""
"1982-08-10","1982","08","10","","18.9","","10.0","","14.5","","3.5","","0.0","","0.0","","0.0","","0.0","","0","","28","","39",""
"1982-08-11","1982","08","11","","22.3","","9.0","","15.7","","2.3","","0.0","","0.0","","0.0","","0.0","","0","","29","","33",""
"1982-08-12","1982","08","12","","20.0","","8.8","","14.4","","3.6","","0.0","","0.2","","0.0","","0.2","","0","","","","<31",""
"1982-08-13","1982","08","13","","21.5","","11.4","","16.5","","1.5","","0.0","","0.8","","0.0","","0.8","","0","","","","<31",""
"1982-08-14","1982","08","14","","25.1","","10.3","","17.7","","0.3","","0.0","","0.0","","0.0","","0.0","","0","","","","<31",""
"1982-08-15","1982","08","15","","26.8","","10.5","","18.7","","0.0","","0.7","","0.0","","0.0","","0.0","","0","","","","<31",""
"1982-08-16","1982","08","16","","30.0","","14.1","","22.1","","0.0","","4.1","","0.0","","0.0","","0.0","","0","","","","<31",""
"1982-08-17","1982","08","17","","24.3","","12.3","","18.3","","0.0","","0.3","","0.0","","0.0","","0.0","","0","","33","","44",""
"1982-08-18","1982","08","18","","26.4","","9.5","","18.0","","0.0","","0.0","","0.0","","0.0","","0.0","","0","","","","<31",""
"1982-08-19","1982","08","19","","26.4","","12.3","","19.4","","0.0","","1.4","","20.0","","0.0","","20.0","","0","","25","","65",""
"1982-08-20","1982","08","20","","26.0","","11.9","","19.0","","0.0","","1.0","","6.6","","0.0","","6.6","","0","","36","","46",""
"1982-08-21","1982","08","21","","16.6","","7.3","","12.0","","6.0","","0.0","","1.7","","0.0","","1.7","","0","","33","","41",""
"1982-08-22","1982","08","22","","17.0","","5.7","","11.4","","6.6","","0.0","","4.8","","0.0","","4.8","","0","","20","","35",""
"1982-08-23","1982","08","23","","22.5","","13.0","","17.8","","0.2","","0.0","","0.0","","0.0","","0.0","","0","","4","","31",""
"1982-08-24","1982","08","24","","24.0","","11.6","","17.8","","0.2","","0.0","","3.7","","0.0","","3.7","","0","","","","<31",""
"1982-08-25","1982","08","25","","22.0","","12.1","","17.1","","0.9","","0.0","","42.0","","0.0","","42.0","","0","","34","","59",""
"1982-08-26","1982","08","26","","26.0","","11.8","","18.9","","0.0","","0.9","","0.0","","0.0","","0.0","","0","","25","","37",""
"1982-08-27","1982","08","27","","24.0","","6.2","","15.1","","2.9","","0.0","","0.2","","0.0","","0.2","","0","","35","","46",""
"1982-08-28","1982","08","28","","16.6","","4.2","","10.4","","7.6","","0.0","","0.0","T","0.0","","0.0","T","0","","33","","83",""
"1982-08-29","1982","08","29","","18.0","","2.0","","10.0","","8.0","","0.0","","0.0","T","0.0","","0.0","T","0","","","","<31",""
"1982-08-30","1982","08","30","","21.9","","11.0","","16.5","","1.5","","0.0","","3.0","","0.0","","3.0","","0","","","","<31",""
"1982-08-31","1982","08","31","","20.8","","13.8","","17.3","","0.7","","0.0","","0.0","","0.0","","0.0","","0","","","","<31",""
"1982-09-01","1982","09","01","","19.5","","12.8","","16.2","","1.8","","0.0","","1.6","","0.0","","1.6","","0","","","","<31",""
"1982-09-02","1982","09","02","","22.0","","11.9","","17.0","","1.0","","0.0","","3.2","","0.0","","3.2","","0","","26","","44",""
"1982-09-03","1982","09","03","","19.5","","10.1","","14.8","","3.2","","0.0","","0.2","","0.0","","0.2","","0","","29","","59",""
"1982-09-04","1982","09","04","","22.0","","10.3","","16.2","","1.8","","0.0","","0.0","","0.0","","0.0","","0","","27","","31",""
"1982-09-05","1982","09","05","","25.4","","8.5","","17.0","","1.0","","0.0","","0.0","","0.0","","0.0","","0","","26","","31",""
"1982-09-06","1982","09","06","","20.4","","9.0","","14.7","","3.3","","0.0","","0.0","T","0.0","","0.0","T","0","","4","","39",""
"1982-09-07","1982","09","07","","15.1","","4.4","","9.8","","8.2","","0.0","","0.0","","0.0","","0.0","","0","","9","","43",""
"1982-09-08","1982","09","08","","18.0","","3.9","","11.0","","7.0","","0.0","","0.0","","0.0","","0.0","","0","","","","<31",""
"1982-09-09","1982","09","09","","26.0","","7.0","","16.5","","1.5","","0.0","","0.0","","0.0","","0.0","","0","","","","<31",""
"1982-09-10","1982","09","10","","28.6","","8.9","","18.8","","0.0","","0.8","","0.0","","0.0","","0.0","","0","","","M","","M"
"1982-09-11","1982","09","11","","25.0","","11.0","","18.0","","0.0","","0.0","","0.0","","0.0","","0.0","","0","","","","<31",""
"1982-09-12","1982","09","12","","28.2","","13.8","","21.0","","0.0","","3.0","","0.0","","0.0","","0.0","","0","","","","<31",""
"1982-09-13","1982","09","13","","27.6","","13.5","","20.6","","0.0","","2.6","","0.0","","0.0","","0.0","","0","","","","<31",""
"1982-09-14","1982","09","14","","27.0","","15.1","","21.1","","0.0","","3.1","","57.1","","0.0","","57.1","","0","","1","","37",""
"1982-09-15","1982","09","15","","18.2","","12.6","","15.4","","2.6","","0.0","","0.5","","0.0","","0.5","","0","","","","<31",""
"1982-09-16","1982","09","16","","16.4","","9.6","","13.0","","5.0","","0.0","","0.0","T","0.0","","0.0","T","0","","30","","43",""
"1982-09-17","1982","09","17","","15.5","","7.8","","11.7","","6.3","","0.0","","4.8","","0.0","","4.8","","0","","","","<31",""
"1982-09-18","1982","09","18","","17.5","","5.0","","11.3","","6.7","","0.0","","9.6","","0.0","","9.6","","0","","28","","52",""
"1982-09-19","1982","09","19","","16.5","","3.8","","10.2","","7.8","","0.0","","0.0","","0.0","","0.0","","0","","","","<31",""
"1982-09-20","1982","09","20","","18.9","","6.9","","12.9","","5.1","","0.0","","0.0","T","0.0","","0.0","T","0","","","","<31",""
"1982-09-21","1982","09","21","","16.9","","4.4","","10.7","","7.3","","0.0","","6.2","","0.0","","6.2","","0","","","","<31",""
"1982-09-22","1982","09","22","","16.6","","11.3","","14.0","","4.0","","0.0","","8.5","","0.0","","8.5","","0","","","","<31",""
"1982-09-23","1982","09","23","","19.0","","10.8","","14.9","","3.1","","0.0","","2.0","","0.0","","2.0","","0","","32","","31",""
"1982-09-24","1982","09","24","","15.8","","10.0","","12.9","","5.1","","0.0","","6.8","","0.0","","6.8","","0","","","","<31",""
"1982-09-25","1982","09","25","","17.4","","10.0","","13.7","","4.3","","0.0","","2.8","","0.0","","2.8","","0","","","","<31",""
"1982-09-26","1982","09","26","","18.0","","9.0","","13.5","","4.5","","0.0","","0.8","","0.0","","0.8","","0","","","","<31",""
"1982-09-27","1982","09","27","","14.2","","11.8","","13.0","","5.0","","0.0","","24.8","","0.0","","24.8","","0","","3","","31",""
"1982-09-28","1982","09","28","","18.4","","13.0","","15.7","","2.3","","0.0","","0.0","T","0.0","","0.0","T","0","","","M","","M"
"1982-09-29","1982","09","29","","17.0","","10.0","","13.5","","4.5","","0.0","","0.0","","0.0","","0.0","","0","","","","<31",""
"1982-09-30","1982","09","30","","21.6","","9.9","","15.8","","2.2","","0.0","","0.0","","0.0","","0.0","","0","","","","<31",""
"1982-10-01","1982","10","01","","23.4","","6.6","","15.0","","3.0","","0.0","","0.2","","0.0","","0.2","","0","","34","","50",""
"1982-10-02","1982","10","02","","13.8","","3.1","","8.5","","9.5","","0.0","","0.0","","0.0","","0.0","","0","","","","<31",""
"1982-10-03","1982","10","03","","23.0","","6.0","","14.5","","3.5","","0.0","","0.0","T","0.0","","0.0","T","0","","26","","31",""
"1982-10-04","1982","10","04","","17.1","","6.4","","11.8","","6.2","","0.0","","0.0","","0.0","","0.0","","0","","","","<31",""
"1982-10-05","1982","10","05","","18.0","","4.8","","11.4","","6.6","","0.0","","0.0","","0.0","","0.0","","0","","","","<31",""
"1982-10-06","1982","10","06","","20.3","","7.1","","13.7","","4.3","","0.0","","0.0","","0.0","","0.0","","0","","","M","","M"
"1982-10-07","1982","10","07","","18.2","","10.8","","14.5","","3.5","","0.0","","20.7","","0.0","","20.7","","0","","","","<31",""
"1982-10-08","1982","10","08","","20.9","","7.0","","14.0","","4.0","","0.0","","0.0","","0.0","","0.0","","0","","21","","41",""
"1982-10-09","1982","10","09","","17.1","","5.7","","11.4","","6.6","","0.0","","0.0","","0.0","","0.0","","0","","","M","","M"
"1982-10-10","1982","10","10","","14.3","","8.6","","11.5","","6.5","","0.0","","0.3","","0.0","","0.3","","0","","11","","50",""
"1982-10-11","1982","10","11","","15.7","","9.6","","12.7","","5.3","","0.0","","6.9","","0.0","","6.9","","0","","","","<31",""
"1982-10-12","1982","10","12","","14.6","","10.0","","12.3","","5.7","","0.0","","0.0","","0.0","","0.0","","0","","","","<31",""
"1982-10-13","1982","10","13","","18.0","","5.9","","12.0","","6.0","","0.0","","0.0","","0.0","","0.0","","0","","23","","37",""
"1982-10-14","1982","10","14","","14.8","","2.1","","8.5","","9.5","","0.0","","0.6","","0.0","","0.6","","0","","26","","59",""
"1982-10-15","1982","10","15","","10.9","","2.6","","6.8","","11.2","","0.0","","3.7","","0.0","","3.7","","0","","30","","69",""
"1982-10-16","1982","10","16","","6.8","","-0.5","","3.2","","14.8","","0.0","","0.2","","0.0","T","0.2","","0","","32","","56",""
"1982-10-17","1982","10","17","","9.4","","0.5","","5.0","","13.0","","0.0","","0.0","","0.0","","0.0","","0","","","M","","M"
"1982-10-18","1982","10","18","","14.4","","1.3","","7.9","","10.1","","0.0","","0.2","","0.0","","0.2","","0","","","","<31",""
"1982-10-19","1982","10","19","","19.6","","6.5","","13.1","","4.9","","0.0","","0.8","","0.0","","0.8","","0","","","M","","M"
"1982-10-20","1982","10","20","","17.6","","5.6","","11.6","","6.4","","0.0","","4.4","","0.0","","4.4","","0","","25","","85",""
"1982-10-21","1982","10","21","","7.1","","2.8","","5.0","","13.0","","0.0","","0.0","T","0.0","","0.0","T","0","","26","","59",""
"1982-10-22","1982","10","22","","5.5","","1.9","","3.7","","14.3","","0.0","","0.0","","0.0","","0.0","","0","","","","<31",""
"1982-10-23","1982","10","23","","10.5","","0.0","","5.3","","12.7","","0.0","","0.0","","0.0","","0.0","","0","","","","<31",""
"1982-10-24","1982","10","24","","10.5","","-2.2","","4.2","","13.8","","0.0","","0.0","","0.0","","0.0","","0","","","M","","M"
"1982-10-25","1982","10","25","","13.3","","-2.7","","5.3","","12.7","","0.0","","0.0","","0.0","","0.0","","0","","","","<31",""
"1982-10-26","1982","10","26","","15.3","","1.4","","8.4","","9.6","","0.0","","0.0","","0.0","","0.0","","0","","","","<31",""
"1982-10-27","1982","10","27","","13.9","","0.4","","7.2","","10.8","","0.0","","0.0","","0.0","","0.0","","0","","","","<31",""
"1982-10-28","1982","10","28","","10.1","","3.9","","7.0","","11.0","","0.0","","0.0","","0.0","","0.0","","0","","","","<31",""
"1982-10-29","1982","10","29","","19.4","","4.4","","11.9","","6.1","","0.0","","0.0","","0.0","","0.0","","0","","21","","50",""
"1982-10-30","1982","10","30","","16.1","","5.5","","10.8","","7.2","","0.0","","0.0","","0.0","","0.0","","0","","22","","33",""
"1982-10-31","1982","10","31","","14.2","","8.6","","11.4","","6.6","","0.0","","5.5","","0.0","","5.5","","0","","","","<31",""
"1982-11-01","1982","11","01","","12.5","","9.1","","10.8","","7.2","","0.0","","8.1","","0.0","","8.1","","0","","","M","","M"
"1982-11-02","1982","11","02","","15.6","","10.0","","12.8","","5.2","","0.0","","16.2","","0.0","","16.2","","0","","","","<31",""
"1982-11-03","1982","11","03","","14.4","","8.1","","11.3","","6.7","","0.0","","6.2","","0.0","","6.2","","0","","","","<31",""
"1982-11-04","1982","11","04","","8.4","","2.6","","5.5","","12.5","","0.0","","20.3","","0.0","","20.3","","0","","","","<31",""
"1982-11-05","1982","11","05","","3.7","","-1.4","","1.2","","16.8","","0.0","","0.0","","0.0","T","0.0","T","0","","25","","61",""
"1982-11-06","1982","11","06","","3.3","","-0.7","","1.3","","16.7","","0.0","","0.0","","0.0","T","0.0","T","0","","24","","52",""
"1982-11-07","1982","11","07","","12.0","","-1.3","","5.4","","12.6","","0.0","","0.0","","0.0","","0.0","","0","","23","","39",""
"1982-11-08","1982","11","08","","14.1","","1.5","","7.8","","10.2","","0.0","","0.0","","0.0","","0.0","","0","","29","","46",""
"1982-11-09","1982","11","09","","5.3","","-2.3","","1.5","","16.5","","0.0","","0.0","","0.0","","0.0","","0","","","","<31",""
"1982-11-10","1982","11","10","","5.2","","-2.5","","1.4","","16.6","","0.0","","0.0","","0.0","","0.0","","0","","11","","31",""
"1982-11-11","1982","11","11","","13.0","","4.6","","8.8","","9.2","","0.0","","7.2","","0.0","","7.2","","0","","21","","35",""
"1982-11-12","1982","11","12","","17.0","","3.4","","10.2","","7.8","","0.0","","1.2","","0.0","","1.2","","0","","21","","74",""
"1982-11-13","1982","11","13","","3.9","","-2.1","","0.9","","17.1","","0.0","","0.0","T","0.0","T","0.0","T","0","","29","","50",""
"1982-11-14","1982","11","14","","2.5","","-2.0","","0.3","","17.7","","0.0","","0.0","","0.0","T","0.0","T","0","","26","","44",""
"1982-11-15","1982","11","15","","1.1","","-3.2","","-1.1","","19.1","","0.0","","0.0","","0.0","","0.0","","0","","29","","56",""
"1982-11-16","1982","11","16","","5.4","","-3.0","","1.2","","16.8","","0.0","","0.0","","0.0","","0.0","","0","","","","<31",""
"1982-11-17","1982","11","17","","7.3","","-4.0","","1.7","","16.3","","0.0","","0.0","","0.0","","0.0","","0","","","","<31",""
"1982-11-18","1982","11","18","","9.0","","-3.1","","3.0","","15.0","","0.0","","0.0","","0.0","","0.0","","0","","","","<31",""
"1982-11-19","1982","11","19","","11.4","","-0.2","","5.6","","12.4","","0.0","","0.0","","0.0","","0.0","","0","","","","<31",""
"1982-11-20","1982","11","20","","9.2","","7.0","","8.1","","9.9","","0.0","","1.9","","0.0","","1.9","","0","","","","<31",""
"1982-11-21","1982","11","21","","13.4","","3.2","","8.3","","9.7","","0.0","","10.8","","0.0","","10.8","","0","","","","<31",""
"1982-11-22","1982","11","22","","9.6","","0.6","","5.1","","12.9","","0.0","","0.0","T","0.0","","0.0","T","0","","","","<31",""
"1982-11-23","1982","11","23","","8.1","","1.3","","4.7","","13.3","","0.0","","10.6","","0.0","T","10.6","","0","","33","","54",""
"1982-11-24","1982","11","24","","3.3","","-3.6","","-0.2","","18.2","","0.0","","0.2","","0.0","T","0.2","","0","","25","","59",""
"1982-11-25","1982","11","25","","0.8","","-3.6","","-1.4","","19.4","","0.0","","0.0","","0.0","","0.0","","0","","25","","56",""
"1982-11-26","1982","11","26","","1.2","","-4.5","","-1.7","","19.7","","0.0","","0.0","T","1.0","","0.8","","0","","34","","41",""
"1982-11-27","1982","11","27","","-0.2","","-6.8","","-3.5","","21.5","","0.0","","0.0","","0.0","T","0.0","T","1","","29","","31",""
"1982-11-28","1982","11","28","","3.0","","-7.4","","-2.2","","20.2","","0.0","","7.7","","0.0","","7.7","","1","","","","<31",""
"1982-11-29","1982","11","29","","5.2","","1.5","","3.4","","14.6","","0.0","","3.6","","0.0","","3.6","","0","","26","","46",""
"1982-11-30","1982","11","30","","8.1","","3.6","","5.9","","12.1","","0.0","","0.0","","0.0","","0.0","","0","","","","<31",""
"1982-12-01","1982","12","01","","12.4","","2.2","","7.3","","10.7","","0.0","","0.0","","0.0","","0.0","","0","","","","<31",""
"1982-12-02","1982","12","02","","13.0","","7.2","","10.1","","7.9","","0.0","","3.3","","0.0","","3.3","","0","","","","<31",""
"1982-12-03","1982","12","03","","20.0","","7.8","","13.9","","4.1","","0.0","","5.6","","0.0","","5.6","","0","","24","","46",""
"1982-12-04","1982","12","04","","14.9","","3.5","","9.2","","8.8","","0.0","","0.5","","0.0","","0.5","","0","","30","","33",""
"1982-12-05","1982","12","05","","12.1","","3.7","","7.9","","10.1","","0.0","","9.9","","0.0","","9.9","","0","","22","","54",""
"1982-12-06","1982","12","06","","11.3","","0.6","","6.0","","12.0","","0.0","","0.0","T","0.0","","0.0","T","0","","20","","74",""
"1982-12-07","1982","12","07","","4.9","","-3.0","","1.0","","17.0","","0.0","","0.0","","0.0","","0.0","","0","","26","","43",""
"1982-12-08","1982","12","08","","1.5","","-4.0","","-1.3","","19.3","","0.0","","0.0","","0.4","","0.4","","0","","","M","","M"
"1982-12-09","1982","12","09","","-3.0","","-12.5","","-7.8","","25.8","","0.0","","0.0","","0.0","T","0.0","T","0","T","34","","52",""
"1982-12-10","1982","12","10","","0.5","","-8.1","","-3.8","","21.8","","0.0","","0.0","","0.0","T","0.0","T","0","T","25","","37",""
"1982-12-11","1982","12","11","","0.0","","-8.7","","-4.4","","22.4","","0.0","","0.0","","0.0","T","0.0","T","0","T","31","","37",""
"1982-12-12","1982","12","12","","-7.6","","-14.4","","-11.0","","29.0","","0.0","","0.0","","0.0","T","0.0","T","0","T","36","","33",""
"1982-12-13","1982","12","13","","-0.9","","-15.2","","-8.1","","26.1","","0.0","","0.0","","0.0","","0.0","","0","T","22","","54",""
"1982-12-14","1982","12","14","","3.9","","-2.6","","0.7","","17.3","","0.0","","0.0","T","0.0","","0.0","T","0","T","23","","37",""
"1982-12-15","1982","12","15","","5.7","","3.3","","4.5","","13.5","","0.0","","11.6","","0.0","","11.6","","0","","","","<31",""
"1982-12-16","1982","12","16","","4.5","","-11.3","","-3.4","","21.4","","0.0","","5.4","","2.0","","5.9","","0","","34","","56",""
"1982-12-17","1982","12","17","","-4.7","","-13.8","","-9.3","","27.3","","0.0","","0.0","","0.0","","0.0","","1","","36","","39",""
"1982-12-18","1982","12","18","","2.4","","-5.3","","-1.5","","19.5","","0.0","","0.0","T","1.0","","1.0","","1","","11","","44",""
"1982-12-19","1982","12","19","","0.6","","-1.5","","-0.5","","18.5","","0.0","","0.0","","18.6","","15.7","","9","","","","<31",""
"1982-12-20","1982","12","20","","0.4","","-2.6","","-1.1","","19.1","","0.0","","0.0","","8.4","","6.5","","23","","","","<31",""
"1982-12-21","1982","12","21","","-0.5","","-4.8","","-2.7","","20.7","","0.0","","0.0","","0.0","T","0.0","T","24","","30","","50",""
"1982-12-22","1982","12","22","","1.3","","-3.1","","-0.9","","18.9","","0.0","","0.0","T","0.0","","0.0","T","19","","","","<31",""
"1982-12-23","1982","12","23","","3.0","","1.0","","2.0","","16.0","","0.0","","4.4","","0.0","","4.4","","13","","","","<31",""
"1982-12-24","1982","12","24","","7.8","","2.1","","5.0","","13.0","","0.0","","5.2","","0.0","","5.2","","11","","","","<31",""
"1982-12-25","1982","12","25","","15.7","","1.9","","8.8","","9.2","","0.0","","5.2","","0.0","","5.2","","3","","27","","67",""
"1982-12-26","1982","12","26","","9.8","","-2.2","","3.8","","14.2","","0.0","","0.0","","0.0","","0.0","","0","","29","","69",""
"1982-12-27","1982","12","27","","4.0","","-3.2","","0.4","","17.6","","0.0","","3.3","","0.0","","3.3","","0","","","","<31",""
"1982-12-28","1982","12","28","","17.2","","1.1","","9.2","","8.8","","0.0","","2.4","","0.0","","2.4","","0","","24","","104",""
"1982-12-29","1982","12","29","","1.4","","-5.0","","-1.8","","19.8","","0.0","","0.0","","0.0","T","0.0","T","0","","27","","52",""
"1982-12-30","1982","12","30","","-4.3","","-7.2","","-5.8","","23.8","","0.0","","0.0","","0.0","T","0.0","T","0","T","27","","48",""
"1982-12-31","1982","12","31","","-0.7","","-7.2","","-4.0","","22.0","","0.0","","0.0","","0.0","T","0.0","T","0","T","","","<31",""
